<wiidisc version="1"> <region type="P"/> <options>
		<section name="Wi-FiLution Universal">
			<option name="WFC Set">
				<choice name="Wiimmfi">
					<patch id="GctLoaderBase" />
					<patch id="GCTbase" />
					<patch id="wmfi" />
				</choice>
				<choice name="NewWFC">
					<patch id="GctLoaderBase" />
					<patch id="GCTbase" />
					<patch id="nwfc" />
				</choice>
				<choice name="Wiilink">
					<patch id="GctLoaderBase" />
					<patch id="GCTbase" />
					<patch id="wink" />
				</choice>
				<choice name="AltWFC">
					<patch id="GctLoaderBase" />
					<patch id="GCTbase" />
					<patch id="alternWFC" />
				</choice>
				<choice name="NinjaWFC">
					<patch id="GctLoaderBase" />
					<patch id="GCTbase" />
					<patch id="ninwfc" />
				</choice>
				<choice name="Alexis Online">
					<patch id="ASOE" />
					<patch id="NoRce" />
				</choice>
				<choice name="Angel WFC">
					<patch id="AngWFC" />
					<patch id="NoRce" />
				</choice>
			</option>
			<option name="Gecko Code Loader">
				<choice name="Enabled">
					<patch id="gcl"/>
				</choice>
			</option>			
			<option name="SD Card save">
				<choice name="Enabled">
					<patch id="redirectsave"/>
				</choice>
			</option>
			<option name="My Stuff Folder" id="any_alteration">
				<choice name="Stuff Folder 1">
					<patch id="any_alteration_patch1"/>
				</choice>
				<choice name="Stuff Folder 2">
					<patch id="any_alteration_patch2"/>
				</choice>
				<choice name="Stuff Folder 3">
					<patch id="any_alteration_patch3"/>
				</choice>
			</option>
		</section>
	</options>

	<patch id="GctLoaderBase">
		<memory ocarina="true" value="7CE33B783887003438A7003838C7004C" offset="0x800018A8" />
	</patch>
	<patch id="GCTbase">
		<memory valuefile="codehandler.bin" offset="0x80001800" />
	</patch>
	<patch id="gcl">
		<!--Load Code-->
		<memory valuefile="/WI-FILution/Settings/Loader/Loader{$__region}.bin" offset="0x80258700"/>
		<memory offset="0x8000629C" value="48252FB0"/>
		<folder external="/WI-FILution/GeckoCodes" disc="/codes" create="true"/>
	</patch>
	<patch id="wmfi">
		<memory offset="0x00001CDE" value="8000" />
		<memory offset="0x00001CE2" value="28B8" />
		<memory offset="0x00001F5A" value="8000" />
		<memory offset="0x00001F5E" value="28B8" />
		<memory valuefile="/WI-FILution/Settings/wimmfi.gct" offset="0x800028B8" />
	</patch>
	<patch id="nwfc">
		<memory offset="0x00001CDE" value="8000" />
		<memory offset="0x00001CE2" value="28B8" />
		<memory offset="0x00001F5A" value="8000" />
		<memory offset="0x00001F5E" value="28B8" />
		<memory valuefile="/WI-FILution/Settings/NewWFC.gct" offset="0x800028B8" />
	</patch>
	<patch id="wink">
		<memory offset="0x00001CDE" value="8000" />
		<memory offset="0x00001CE2" value="28B8" />
		<memory offset="0x00001F5A" value="8000" />
		<memory offset="0x00001F5E" value="28B8" />
		<memory valuefile="/WI-FILution/Settings/WiiLink.gct" offset="0x800028B8" />
	</patch>
	<patch id="alternWFC">
		<memory offset="0x00001CDE" value="8000" />
		<memory offset="0x00001CE2" value="28B8" />
		<memory offset="0x00001F5A" value="8000" />
		<memory offset="0x00001F5E" value="28B8" />
		<memory valuefile="/WI-FILution/Settings/altWFC.gct" offset="0x800028B8" />
	</patch>
	<patch id="ninwfc">
		<memory offset="0x00001CDE" value="8000" />
		<memory offset="0x00001CE2" value="28B8" />
		<memory offset="0x00001F5A" value="8000" />
		<memory offset="0x00001F5E" value="28B8" />
		<memory valuefile="/WI-FILution/Settings/NinjaWFC.gct" offset="0x800028B8" />
	</patch>
	<patch id="NoRce">
		<memory offset="0x00001CDE" value="8000" />
		<memory offset="0x00001CE2" value="28B8" />
		<memory offset="0x00001F5A" value="8000" />
		<memory offset="0x00001F5E" value="28B8" />
		<memory valuefile="/WI-FILution/Settings/Utility/NoRce.gct" offset="0x800028B8" />
	</patch>
	<patch id="ASOE">
		<folder external="/WI-FILution/Settings" recursive="false"/>
		<file disc="main.dol" external="/WI-FILution/Settings/AlexisOnline.dol"/>
	</patch>
	<patch id="AngWFC">
		<folder external="/WI-FILution/Settings" recursive="false"/>
		<file disc="main.dol" external="/WI-FILution/Settings/AngeloWFC.dol"/>
	</patch>
	<patch id="redirectsave">
		<savegame external="/WI-FILution/save/{$__gameid}{$__region}" clone="true"/>
	</patch>
	<patch id="any_alteration_patch1">
		<folder external="/WI-FILution/My Stuff/1" recursive="false"/>
		<folder disc="/" external="/WI-FILution/My Stuff/1"/>
	</patch>
	<patch id="any_alteration_patch2">
		<folder external="/WI-FILution/My Stuff/2" recursive="false"/>
		<folder disc="/" external="/WI-FILution/My Stuff/2"/>
	</patch>
	<patch id="any_alteration_patch3">
		<folder external="/WI-FILution/My Stuff/3" recursive="false"/>
		<folder disc="/" external="/WI-FILution/My Stuff/3"/>
	</patch>
</wiidisc>
